what,kind,bundleId,bundleVersion,description,time
os,sysinfo,,,"win32",1369747668687
arch,sysinfo,,,"x86",1369747668687
ws,sysinfo,,,"win32",1369747668687
locale,sysinfo,,,"ko_KR",1369747668687
processors,sysinfo,,,"2",1369747668687
java.runtime.name,sysinfo,,,"Java(TM) SE Runtime Environment",1369747668687
java.runtime.version,sysinfo,,,"1.6.0_21-b07",1369747668687
java.specification.name,sysinfo,,,"Java Platform API Specification",1369747668687
java.specification.vendor,sysinfo,,,"Sun Microsystems Inc.",1369747668687
java.specification.version,sysinfo,,,"1.6",1369747668687
java.vendor,sysinfo,,,"Sun Microsystems Inc.",1369747668687
java.version,sysinfo,,,"1.6.0_21",1369747668687
java.vm.info,sysinfo,,,"mixed mode, sharing",1369747668687
java.vm.name,sysinfo,,,"Java HotSpot(TM) Client VM",1369747668687
java.vm.specification.name,sysinfo,,,"Java Virtual Machine Specification",1369747668687
java.vm.specification.vendor,sysinfo,,,"Sun Microsystems Inc.",1369747668687
java.vm.specification.version,sysinfo,,,"1.0",1369747668687
java.vm.vendor,sysinfo,,,"Sun Microsystems Inc.",1369747668687
java.vm.version,sysinfo,,,"17.0-b17",1369747668687
started,bundle,org.eclipse.cdt.managedbuilder.core,7.0.2.201102110609,"org.eclipse.cdt.managedbuilder.core",1369747668750
started,bundle,org.eclipse.cdt.core,5.2.1.201102110609,"org.eclipse.cdt.core",1369747668796
started,bundle,org.eclipse.core.variables,3.2.400.v20100505,"org.eclipse.core.variables",1369747669265
started,bundle,org.eclipse.cdt.ui,5.2.2.201102110609,"org.eclipse.cdt.ui",1369747669281
started,bundle,org.eclipse.cdt.make.ui,7.0.0.201102110609,"org.eclipse.cdt.make.ui",1369747669328
started,bundle,org.eclipse.jdt.junit,3.6.1.r361_v20100825-0800,"org.eclipse.jdt.junit",1369747669765
started,bundle,org.eclipse.ui.navigator,3.5.0.I20100601-0800,"org.eclipse.ui.navigator",1369747669812
activated,view,org.eclipse.jdt.ui,3.6.2.r362_v20110203,"org.eclipse.jdt.ui.PackageExplorer",1369747669828
opened,editor,org.eclipse.jdt.ui,3.6.2.r362_v20110203,"org.eclipse.jdt.ui.CompilationUnitEditor",1369747675515
activated,editor,org.eclipse.jdt.ui,3.6.2.r362_v20110203,"org.eclipse.jdt.ui.CompilationUnitEditor",1369747675734
started,bundle,org.eclipse.wst.sse.core,1.1.506.v201110201853,"org.eclipse.wst.sse.core",1369747677250
started,bundle,org.eclipse.jdt.apt.pluggable.core,1.0.301.R36_v20100727-0110,"org.eclipse.jdt.apt.pluggable.core",1369747677750
deactivated,workbench,org.eclipse.ui.workbench,3.6.2.M20110210-1200,"",1369747687187
activated,workbench,org.eclipse.ui.workbench,3.6.2.M20110210-1200,"",1369747689484
executed,command,org.eclipse.ui,3.6.2.M20110203-1100,"org.eclipse.ui.file.save",1369747689625
started,bundle,org.eclipse.wst.xml.core,1.1.505.v201109271810,"org.eclipse.wst.xml.core",1369747704296
started,bundle,org.eclipse.wst.common.uriresolver,1.1.401.v201004280700,"org.eclipse.wst.common.uriresolver",1369747704375
started,bundle,org.eclipse.pde.api.tools,1.0.202.v20100820_r361,"org.eclipse.pde.api.tools",1369747712656
started,bundle,org.eclipse.pde.api.tools.ui,1.0.201.v20100820_r361,"org.eclipse.pde.api.tools.ui",1369747712656
started,bundle,org.eclipse.jst.ws.jaxws.ui,1.0.2.v201103270854,"org.eclipse.jst.ws.jaxws.ui",1369747712671
started,bundle,org.eclipse.mylyn.java.ui,3.7.1.v20120425-0100,"org.eclipse.mylyn.java.ui",1369747712687
executed,command,org.eclipse.ui,3.6.2.M20110203-1100,"org.eclipse.ui.edit.text.contentAssist.proposals",1369747713234
deactivated,workbench,org.eclipse.ui.workbench,3.6.2.M20110210-1200,"",1369747725687
activated,workbench,org.eclipse.ui.workbench,3.6.2.M20110210-1200,"",1369747730234
executed,command,org.eclipse.ui,3.6.2.M20110203-1100,"org.eclipse.ui.file.save",1369747730281
activated,view,org.eclipse.jdt.ui,3.6.2.r362_v20110203,"org.eclipse.jdt.ui.PackageExplorer",1369747732078
activated,editor,org.eclipse.jdt.ui,3.6.2.r362_v20110203,"org.eclipse.jdt.ui.CompilationUnitEditor",1369747740906
executed,command,org.eclipse.ui,3.6.2.M20110203-1100,"org.eclipse.ui.file.save",1369747754125
activated,view,org.eclipse.jdt.ui,3.6.2.r362_v20110203,"org.eclipse.jdt.ui.PackageExplorer",1369747757625
started,bundle,org.eclipse.mylyn.context.ui,3.7.1.v20120425-0100,"org.eclipse.mylyn.context.ui",1369747761031
activated,editor,org.eclipse.jdt.ui,3.6.2.r362_v20110203,"org.eclipse.jdt.ui.CompilationUnitEditor",1369747761140
opened,view,org.eclipse.ui.ide,3.6.2.M20101201-0800,"org.eclipse.ui.views.ProblemView",1369747766359
executed,command,org.eclipse.ui,3.6.2.M20110203-1100,"org.eclipse.ui.edit.text.contentAssist.proposals",1369747777031
executed,command,org.eclipse.ui,3.6.2.M20110203-1100,"org.eclipse.ui.file.save",1369747780437
started,bundle,org.eclipse.mylyn.java.tasks,3.7.1.v20120425-0100,"org.eclipse.mylyn.java.tasks",1369747783250
started,bundle,org.tigris.subversion.clientadapter.javahl,1.7.8.1,"org.tigris.subversion.clientadapter.javahl",1369747783250
started,bundle,org.tigris.subversion.clientadapter.svnkit,1.7.8.1,"org.tigris.subversion.clientadapter.svnkit",1369747783265
executed,command,org.eclipse.ui,3.6.2.M20110203-1100,"org.eclipse.ui.edit.copy",1369747783656
activated,view,org.eclipse.jdt.ui,3.6.2.r362_v20110203,"org.eclipse.jdt.ui.PackageExplorer",1369747784375
opened,editor,org.eclipse.jdt.ui,3.6.2.r362_v20110203,"org.eclipse.jdt.ui.CompilationUnitEditor",1369747784625
activated,editor,org.eclipse.jdt.ui,3.6.2.r362_v20110203,"org.eclipse.jdt.ui.CompilationUnitEditor",1369747784750
executed,command,org.eclipse.ui,3.6.2.M20110203-1100,"org.eclipse.ui.edit.paste",1369747791140
deactivated,workbench,org.eclipse.ui.workbench,3.6.2.M20110210-1200,"",1369747795203
activated,workbench,org.eclipse.ui.workbench,3.6.2.M20110210-1200,"",1369747801734
executed,command,org.eclipse.ui,3.6.2.M20110203-1100,"org.eclipse.ui.file.save",1369747801796
activated,view,org.eclipse.jdt.ui,3.6.2.r362_v20110203,"org.eclipse.jdt.ui.PackageExplorer",1369747802906
opened,editor,org.eclipse.jdt.ui,3.6.2.r362_v20110203,"org.eclipse.jdt.ui.CompilationUnitEditor",1369747803140
activated,editor,org.eclipse.jdt.ui,3.6.2.r362_v20110203,"org.eclipse.jdt.ui.CompilationUnitEditor",1369747803250
executed,command,org.eclipse.ui,3.6.2.M20110203-1100,"org.eclipse.ui.edit.paste",1369747806484
activated,view,org.eclipse.jdt.ui,3.6.2.r362_v20110203,"org.eclipse.jdt.ui.PackageExplorer",1369747808093
opened,editor,org.eclipse.jdt.ui,3.6.2.r362_v20110203,"org.eclipse.jdt.ui.CompilationUnitEditor",1369747808312
activated,editor,org.eclipse.jdt.ui,3.6.2.r362_v20110203,"org.eclipse.jdt.ui.CompilationUnitEditor",1369747808406
executed,command,org.eclipse.ui,3.6.2.M20110203-1100,"org.eclipse.ui.edit.paste",1369747813640
executed,command,org.eclipse.ui,3.6.2.M20110203-1100,"org.eclipse.ui.edit.paste",1369747815812
executed,command,org.eclipse.ui,3.6.2.M20110203-1100,"org.eclipse.ui.edit.paste",1369747819406
executed,command,org.eclipse.ui,3.6.2.M20110203-1100,"org.eclipse.ui.file.save",1369747820359
activated,view,org.eclipse.jdt.ui,3.6.2.r362_v20110203,"org.eclipse.jdt.ui.PackageExplorer",1369747821000
activated,editor,org.eclipse.jdt.ui,3.6.2.r362_v20110203,"org.eclipse.jdt.ui.CompilationUnitEditor",1369747821312
executed,command,org.eclipse.ui,3.6.2.M20110203-1100,"org.eclipse.ui.file.save",1369747826765
activated,view,org.eclipse.jdt.ui,3.6.2.r362_v20110203,"org.eclipse.jdt.ui.PackageExplorer",1369747833546
deactivated,workbench,org.eclipse.ui.workbench,3.6.2.M20110210-1200,"",1369747836453
activated,workbench,org.eclipse.ui.workbench,3.6.2.M20110210-1200,"",1369747837390
executed,command,org.eclipse.ui.ide,3.6.2.M20101201-0800,"org.eclipse.ui.project.cleanAction",1369747837421
deactivated,workbench,org.eclipse.ui.workbench,3.6.2.M20110210-1200,"",1369747837687
activated,workbench,org.eclipse.ui.workbench,3.6.2.M20110210-1200,"",1369747841265
activated,editor,org.eclipse.jdt.ui,3.6.2.r362_v20110203,"org.eclipse.jdt.ui.CompilationUnitEditor",1369747845890
activated,view,org.eclipse.jdt.ui,3.6.2.r362_v20110203,"org.eclipse.jdt.ui.PackageExplorer",1369747861437
started,bundle,org.eclipse.wst.ws.service.policy.ui,1.0.203.v201109140236,"org.eclipse.wst.ws.service.policy.ui",1369747863031
started,bundle,org.eclipse.wst.ws.service.policy,1.0.204.v201011011834,"org.eclipse.wst.ws.service.policy",1369747863046
started,bundle,org.eclipse.wst.command.env,1.0.409.v201004211805,"org.eclipse.wst.command.env",1369747863093
started,bundle,org.eclipse.wst.ws,1.1.203.v201004211805,"org.eclipse.wst.ws",1369747863093
error,log,,,"No property tester contributes a property projectPersistentProperty org.eclipse.team.core.repository to type class org.eclipse.core.internal.resources.Project",1369747863109
started,bundle,org.eclipse.wst.common.frameworks.ui,1.2.0.v201004080500,"org.eclipse.wst.common.frameworks.ui",1369747863218
started,bundle,org.eclipse.wst.common.core,1.2.0.v200908252030,"org.eclipse.wst.common.core",1369747863234
started,bundle,org.eclipse.debug.ui,3.6.3.v20101201_r362,"org.eclipse.debug.ui",1369747864890
started,bundle,org.eclipse.jdt.junit.core,3.6.1.r361_v20100825-0800,"org.eclipse.jdt.junit.core",1369747864968
started,bundle,org.eclipse.cdt.debug.core,7.0.0.201102110609,"org.eclipse.cdt.debug.core",1369747865062
started,bundle,org.eclipse.cdt.debug.ui,7.0.0.201102110609,"org.eclipse.cdt.debug.ui",1369747865109
executed,command,,,"com.android.ide.eclipse.adt.debug.launching.LaunchShortcut.run",1369747866421
deactivated,workbench,org.eclipse.ui.workbench,3.6.2.M20110210-1200,"",1369747866640
activated,workbench,org.eclipse.ui.workbench,3.6.2.M20110210-1200,"",1369747884890
activated,view,com.android.ide.eclipse.ddms,21.1.0.v201302060044-569685,"com.android.ide.eclipse.ddms.views.LogCatView",1369747913125
opened,view,org.eclipse.ui.console,3.5.0.v20100526,"org.eclipse.ui.console.ConsoleView",1369747930203
started,bundle,org.eclipse.cdt.dsf,2.1.1.201102110609,"org.eclipse.cdt.dsf",1369747930328
started,bundle,org.eclipse.cdt.dsf.gdb,3.0.0.201102110609,"org.eclipse.cdt.dsf.gdb",1369747930343
started,bundle,org.eclipse.cdt.dsf.gdb.ui,2.1.0.201102110609,"org.eclipse.cdt.dsf.gdb.ui",1369747930343
deactivated,workbench,org.eclipse.ui.workbench,3.6.2.M20110210-1200,"",1369748566671
activated,workbench,org.eclipse.ui.workbench,3.6.2.M20110210-1200,"",1369749528718
deactivated,workbench,org.eclipse.ui.workbench,3.6.2.M20110210-1200,"",1369749531656
activated,workbench,org.eclipse.ui.workbench,3.6.2.M20110210-1200,"",1369750962468
deactivated,workbench,org.eclipse.ui.workbench,3.6.2.M20110210-1200,"",1369751025531
activated,workbench,org.eclipse.ui.workbench,3.6.2.M20110210-1200,"",1369752149593
started,bundle,org.eclipse.jdt.debug,3.6.1.v20100715_r361,"org.eclipse.jdt.debug",1369752155875
started,bundle,org.eclipse.jdt.debug.ui,3.5.2.v20100928a_r362,"org.eclipse.jdt.debug.ui",1369752156109
activated,editor,org.eclipse.jdt.ui,3.6.2.r362_v20110203,"org.eclipse.jdt.ui.CompilationUnitEditor",1369752156234
activated,view,com.android.ide.eclipse.ddms,21.1.0.v201302060044-569685,"com.android.ide.eclipse.ddms.views.LogCatView",1369752159187
deactivated,workbench,org.eclipse.ui.workbench,3.6.2.M20110210-1200,"",1369752761734
activated,workbench,org.eclipse.ui.workbench,3.6.2.M20110210-1200,"",1369754205937
activated,editor,org.eclipse.jdt.ui,3.6.2.r362_v20110203,"org.eclipse.jdt.ui.CompilationUnitEditor",1369754206000
activated,view,com.android.ide.eclipse.ddms,21.1.0.v201302060044-569685,"com.android.ide.eclipse.ddms.views.LogCatView",1369754208328
activated,editor,org.eclipse.jdt.ui,3.6.2.r362_v20110203,"org.eclipse.jdt.ui.CompilationUnitEditor",1369754228812
activated,editor,org.eclipse.jdt.ui,3.6.2.r362_v20110203,"org.eclipse.jdt.ui.CompilationUnitEditor",1369754233156
closed,editor,org.eclipse.jdt.ui,3.6.2.r362_v20110203,"org.eclipse.jdt.ui.CompilationUnitEditor",1369754233156
activated,editor,org.eclipse.jdt.ui,3.6.2.r362_v20110203,"org.eclipse.jdt.ui.CompilationUnitEditor",1369754234906
closed,editor,org.eclipse.jdt.ui,3.6.2.r362_v20110203,"org.eclipse.jdt.ui.CompilationUnitEditor",1369754234906
closed,editor,org.eclipse.jdt.ui,3.6.2.r362_v20110203,"org.eclipse.jdt.ui.CompilationUnitEditor",1369754236312
activated,editor,org.eclipse.jdt.ui,3.6.2.r362_v20110203,"org.eclipse.jdt.ui.CompilationUnitEditor",1369754238140
closed,editor,org.eclipse.jdt.ui,3.6.2.r362_v20110203,"org.eclipse.jdt.ui.CompilationUnitEditor",1369754238140
activated,view,org.eclipse.jdt.ui,3.6.2.r362_v20110203,"org.eclipse.jdt.ui.PackageExplorer",1369754245187
activated,editor,org.eclipse.jdt.ui,3.6.2.r362_v20110203,"org.eclipse.jdt.ui.CompilationUnitEditor",1369754247093
started,bundle,org.eclipse.wst.server.core,1.1.208.v20111005_1734,"org.eclipse.wst.server.core",1369754255828
started,bundle,org.eclipse.wst.server.ui,1.1.209.v20111005_1716,"org.eclipse.wst.server.ui",1369754255921
started,bundle,org.eclipse.wst.common.frameworks,1.2.1.v201107271600,"org.eclipse.wst.common.frameworks",1369754256234
started,bundle,org.eclipse.wst.common.emf,1.2.3.v201012100400,"org.eclipse.wst.common.emf",1369754256265
started,bundle,org.eclipse.jem.util,2.1.3.v201012070000,"org.eclipse.jem.util",1369754256281
started,bundle,org.eclipse.wst.common.emfworkbench.integration,1.2.4.v201106210700,"org.eclipse.wst.common.emfworkbench.integration",1369754256281
started,bundle,org.eclipse.wst.common.modulecore,1.2.7.v201110060300,"org.eclipse.wst.common.modulecore",1369754256390
started,bundle,com.android.ide.eclipse.ndk,21.1.0.v201302060044-569685,"com.android.ide.eclipse.ndk",1369754256562
deactivated,workbench,org.eclipse.ui.workbench,3.6.2.M20110210-1200,"",1369754256906
activated,workbench,org.eclipse.ui.workbench,3.6.2.M20110210-1200,"",1369754258093
executed,command,org.eclipse.ui.ide,3.6.2.M20101201-0800,"org.eclipse.ui.project.cleanAction",1369754258125
deactivated,workbench,org.eclipse.ui.workbench,3.6.2.M20110210-1200,"",1369754258468
activated,workbench,org.eclipse.ui.workbench,3.6.2.M20110210-1200,"",1369754259468
activated,view,org.eclipse.jdt.ui,3.6.2.r362_v20110203,"org.eclipse.jdt.ui.PackageExplorer",1369754266906
activated,editor,org.eclipse.jdt.ui,3.6.2.r362_v20110203,"org.eclipse.jdt.ui.CompilationUnitEditor",1369754282984
deactivated,workbench,org.eclipse.ui.workbench,3.6.2.M20110210-1200,"",1369754309468
activated,workbench,org.eclipse.ui.workbench,3.6.2.M20110210-1200,"",1369754309484
deactivated,workbench,org.eclipse.ui.workbench,3.6.2.M20110210-1200,"",1369754309609
activated,workbench,org.eclipse.ui.workbench,3.6.2.M20110210-1200,"",1369754424046
started,bundle,org.eclipse.wst.sse.ui,1.2.5.v201108191505,"org.eclipse.wst.sse.ui",1369754426562
started,bundle,org.eclipse.wst.xml.ui,1.1.105.v201106142156,"org.eclipse.wst.xml.ui",1369754426609
started,bundle,org.eclipse.wst.xsl.core,1.1.0.v201004290328,"org.eclipse.wst.xsl.core",1369754429343
started,bundle,org.eclipse.wst.xsl.exslt.core,1.0.0.v201005240426,"org.eclipse.wst.xsl.exslt.core",1369754429375
started,bundle,org.eclipse.jst.jsp.ui,1.1.505.v201110211728,"org.eclipse.jst.jsp.ui",1369754429843
started,bundle,org.eclipse.jst.jsp.core,1.2.308.v201109202150,"org.eclipse.jst.jsp.core",1369754430031
started,bundle,org.eclipse.wst.validation,1.2.204.v201109220700,"org.eclipse.wst.validation",1369754430593
started,bundle,org.eclipse.wst.dtd.ui,1.0.500.v201004290328,"org.eclipse.wst.dtd.ui",1369754430921
started,bundle,org.eclipse.wst.xsl.ui,1.1.1.v201009091745,"org.eclipse.wst.xsl.ui",1369754431109
opened,editor,com.android.ide.eclipse.adt,21.1.0.v201302060044-569685,"com.android.ide.eclipse.editors.CommonXmlEditor",1369754431468
activated,editor,com.android.ide.eclipse.adt,21.1.0.v201302060044-569685,"com.android.ide.eclipse.editors.CommonXmlEditor",1369754431984
closed,editor,org.eclipse.jdt.ui,3.6.2.r362_v20110203,"org.eclipse.jdt.ui.CompilationUnitEditor",1369754431984
activated,view,org.eclipse.jdt.ui,3.6.2.r362_v20110203,"org.eclipse.jdt.ui.PackageExplorer",1369754432062
started,bundle,org.eclipse.jst.j2ee.core,1.2.7.v201110060300,"org.eclipse.jst.j2ee.core",1369754432859
started,bundle,org.eclipse.jem,2.0.402.v201106132000,"org.eclipse.jem",1369754432906
started,bundle,org.eclipse.jst.j2ee,1.1.406.v201110130300,"org.eclipse.jst.j2ee",1369754433062
started,bundle,org.eclipse.jem.workbench,2.0.301.v201104271300,"org.eclipse.jem.workbench",1369754433828
started,bundle,org.eclipse.wst.internet.cache,1.0.400.v201004280700,"org.eclipse.wst.internet.cache",1369754433984
activated,editor,com.android.ide.eclipse.adt,21.1.0.v201302060044-569685,"com.android.ide.eclipse.editors.CommonXmlEditor",1369754438437
opened,editor,com.android.ide.eclipse.adt,21.1.0.v201302060044-569685,"com.android.ide.eclipse.editors.CommonXmlEditor",1369754440093
activated,editor,com.android.ide.eclipse.adt,21.1.0.v201302060044-569685,"com.android.ide.eclipse.editors.CommonXmlEditor",1369754440125
closed,editor,com.android.ide.eclipse.adt,21.1.0.v201302060044-569685,"com.android.ide.eclipse.editors.CommonXmlEditor",1369754440125
activated,view,org.eclipse.jdt.ui,3.6.2.r362_v20110203,"org.eclipse.jdt.ui.PackageExplorer",1369754442406
closed,editor,com.android.ide.eclipse.adt,21.1.0.v201302060044-569685,"com.android.ide.eclipse.editors.CommonXmlEditor",1369754442406
opened,editor,org.eclipse.jdt.ui,3.6.2.r362_v20110203,"org.eclipse.jdt.ui.CompilationUnitEditor",1369754448265
activated,editor,org.eclipse.jdt.ui,3.6.2.r362_v20110203,"org.eclipse.jdt.ui.CompilationUnitEditor",1369754448421
executed,command,org.eclipse.ui,3.6.2.M20110203-1100,"org.eclipse.ui.edit.copy",1369754468156
activated,view,org.eclipse.jdt.ui,3.6.2.r362_v20110203,"org.eclipse.jdt.ui.PackageExplorer",1369754473609
opened,editor,org.eclipse.jdt.ui,3.6.2.r362_v20110203,"org.eclipse.jdt.ui.CompilationUnitEditor",1369754473796
activated,editor,org.eclipse.jdt.ui,3.6.2.r362_v20110203,"org.eclipse.jdt.ui.CompilationUnitEditor",1369754473937
executed,command,org.eclipse.ui,3.6.2.M20110203-1100,"org.eclipse.ui.edit.paste",1369754488671
activated,view,org.eclipse.jdt.ui,3.6.2.r362_v20110203,"org.eclipse.jdt.ui.PackageExplorer",1369754497562
opened,editor,org.eclipse.jdt.ui,3.6.2.r362_v20110203,"org.eclipse.jdt.ui.CompilationUnitEditor",1369754498578
activated,editor,org.eclipse.jdt.ui,3.6.2.r362_v20110203,"org.eclipse.jdt.ui.CompilationUnitEditor",1369754498671
executed,command,org.eclipse.ui,3.6.2.M20110203-1100,"org.eclipse.ui.edit.copy",1369754502062
activated,editor,org.eclipse.jdt.ui,3.6.2.r362_v20110203,"org.eclipse.jdt.ui.CompilationUnitEditor",1369754502937
closed,editor,org.eclipse.jdt.ui,3.6.2.r362_v20110203,"org.eclipse.jdt.ui.CompilationUnitEditor",1369754502937
executed,command,org.eclipse.ui,3.6.2.M20110203-1100,"org.eclipse.ui.edit.paste",1369754504750
deactivated,workbench,org.eclipse.ui.workbench,3.6.2.M20110210-1200,"",1369754524093
activated,workbench,org.eclipse.ui.workbench,3.6.2.M20110210-1200,"",1369754524843
activated,editor,org.eclipse.jdt.ui,3.6.2.r362_v20110203,"org.eclipse.jdt.ui.CompilationUnitEditor",1369754527140
executed,command,org.eclipse.ui,3.6.2.M20110203-1100,"org.eclipse.ui.file.save",1369754531437
executed,command,org.eclipse.ui,3.6.2.M20110203-1100,"org.eclipse.ui.file.save",1369754534015
activated,editor,org.eclipse.jdt.ui,3.6.2.r362_v20110203,"org.eclipse.jdt.ui.CompilationUnitEditor",1369754540718
deactivated,workbench,org.eclipse.ui.workbench,3.6.2.M20110210-1200,"",1369754543171
activated,workbench,org.eclipse.ui.workbench,3.6.2.M20110210-1200,"",1369754545703
executed,command,org.eclipse.ui,3.6.2.M20110203-1100,"org.eclipse.ui.file.save",1369754548031
executed,command,org.eclipse.ui,3.6.2.M20110203-1100,"org.eclipse.ui.edit.copy",1369754564640
executed,command,org.eclipse.ui,3.6.2.M20110203-1100,"org.eclipse.ui.edit.paste",1369754566031
executed,command,org.eclipse.ui,3.6.2.M20110203-1100,"org.eclipse.ui.edit.paste",1369754568093
executed,command,org.eclipse.ui,3.6.2.M20110203-1100,"org.eclipse.ui.edit.paste",1369754569500
executed,command,org.eclipse.ui,3.6.2.M20110203-1100,"org.eclipse.ui.edit.paste",1369754570734
executed,command,org.eclipse.ui,3.6.2.M20110203-1100,"org.eclipse.ui.file.save",1369754571375
deactivated,workbench,org.eclipse.ui.workbench,3.6.2.M20110210-1200,"",1369754574921
activated,workbench,org.eclipse.ui.workbench,3.6.2.M20110210-1200,"",1369754585937
executed,command,org.eclipse.ui,3.6.2.M20110203-1100,"org.eclipse.ui.edit.copy",1369754590203
deactivated,workbench,org.eclipse.ui.workbench,3.6.2.M20110210-1200,"",1369754593671
activated,workbench,org.eclipse.ui.workbench,3.6.2.M20110210-1200,"",1369754597390
executed,command,org.eclipse.ui,3.6.2.M20110203-1100,"org.eclipse.ui.edit.undo",1369754600843
executed,command,org.eclipse.ui,3.6.2.M20110203-1100,"org.eclipse.ui.edit.copy",1369754602906
activated,editor,org.eclipse.jdt.ui,3.6.2.r362_v20110203,"org.eclipse.jdt.ui.CompilationUnitEditor",1369754610375
executed,command,org.eclipse.ui,3.6.2.M20110203-1100,"org.eclipse.ui.edit.paste",1369754614812
executed,command,org.eclipse.ui,3.6.2.M20110203-1100,"org.eclipse.ui.file.save",1369754616437
executed,command,org.eclipse.ui,3.6.2.M20110203-1100,"org.eclipse.ui.edit.copy",1369754619421
executed,command,org.eclipse.ui,3.6.2.M20110203-1100,"org.eclipse.ui.edit.paste",1369754620859
executed,command,org.eclipse.ui,3.6.2.M20110203-1100,"org.eclipse.ui.edit.paste",1369754622437
executed,command,org.eclipse.ui,3.6.2.M20110203-1100,"org.eclipse.ui.edit.paste",1369754623875
executed,command,org.eclipse.ui,3.6.2.M20110203-1100,"org.eclipse.ui.edit.paste",1369754625671
executed,command,org.eclipse.ui,3.6.2.M20110203-1100,"org.eclipse.ui.edit.paste",1369754627328
executed,command,org.eclipse.ui,3.6.2.M20110203-1100,"org.eclipse.ui.file.save",1369754628046
activated,editor,org.eclipse.jdt.ui,3.6.2.r362_v20110203,"org.eclipse.jdt.ui.CompilationUnitEditor",1369754630187
activated,editor,org.eclipse.jdt.ui,3.6.2.r362_v20110203,"org.eclipse.jdt.ui.CompilationUnitEditor",1369754632609
activated,view,org.eclipse.jdt.ui,3.6.2.r362_v20110203,"org.eclipse.jdt.ui.PackageExplorer",1369754637078
opened,editor,org.eclipse.jdt.ui,3.6.2.r362_v20110203,"org.eclipse.jdt.ui.CompilationUnitEditor",1369754637296
activated,editor,org.eclipse.jdt.ui,3.6.2.r362_v20110203,"org.eclipse.jdt.ui.CompilationUnitEditor",1369754637375
deactivated,workbench,org.eclipse.ui.workbench,3.6.2.M20110210-1200,"",1369754641828
activated,workbench,org.eclipse.ui.workbench,3.6.2.M20110210-1200,"",1369754643531
deactivated,workbench,org.eclipse.ui.workbench,3.6.2.M20110210-1200,"",1369754651125
activated,workbench,org.eclipse.ui.workbench,3.6.2.M20110210-1200,"",1369754653546
deactivated,workbench,org.eclipse.ui.workbench,3.6.2.M20110210-1200,"",1369754659062
activated,workbench,org.eclipse.ui.workbench,3.6.2.M20110210-1200,"",1369754659531
activated,editor,org.eclipse.jdt.ui,3.6.2.r362_v20110203,"org.eclipse.jdt.ui.CompilationUnitEditor",1369754660578
activated,editor,org.eclipse.jdt.ui,3.6.2.r362_v20110203,"org.eclipse.jdt.ui.CompilationUnitEditor",1369754661343
activated,editor,org.eclipse.jdt.ui,3.6.2.r362_v20110203,"org.eclipse.jdt.ui.CompilationUnitEditor",1369754664296
deactivated,workbench,org.eclipse.ui.workbench,3.6.2.M20110210-1200,"",1369754669390
activated,workbench,org.eclipse.ui.workbench,3.6.2.M20110210-1200,"",1369754673625
executed,command,org.eclipse.ui,3.6.2.M20110203-1100,"org.eclipse.ui.edit.paste",1369754675093
executed,command,org.eclipse.ui,3.6.2.M20110203-1100,"org.eclipse.ui.edit.copy",1369754682609
executed,command,org.eclipse.ui,3.6.2.M20110203-1100,"org.eclipse.ui.edit.paste",1369754683984
executed,command,org.eclipse.ui,3.6.2.M20110203-1100,"org.eclipse.ui.edit.copy",1369754689781
deactivated,workbench,org.eclipse.ui.workbench,3.6.2.M20110210-1200,"",1369754691125
activated,workbench,org.eclipse.ui.workbench,3.6.2.M20110210-1200,"",1369754692265
executed,command,org.eclipse.ui,3.6.2.M20110203-1100,"org.eclipse.ui.edit.paste",1369754714140
deactivated,workbench,org.eclipse.ui.workbench,3.6.2.M20110210-1200,"",1369754716875
activated,workbench,org.eclipse.ui.workbench,3.6.2.M20110210-1200,"",1369754718859
deactivated,workbench,org.eclipse.ui.workbench,3.6.2.M20110210-1200,"",1369754739671
activated,workbench,org.eclipse.ui.workbench,3.6.2.M20110210-1200,"",1369754742453
executed,command,org.eclipse.ui,3.6.2.M20110203-1100,"org.eclipse.ui.edit.paste",1369754752984
deactivated,workbench,org.eclipse.ui.workbench,3.6.2.M20110210-1200,"",1369754753578
activated,workbench,org.eclipse.ui.workbench,3.6.2.M20110210-1200,"",1369754755390
deactivated,workbench,org.eclipse.ui.workbench,3.6.2.M20110210-1200,"",1369754765968
activated,workbench,org.eclipse.ui.workbench,3.6.2.M20110210-1200,"",1369754767906
executed,command,org.eclipse.ui,3.6.2.M20110203-1100,"org.eclipse.ui.edit.paste",1369754768859
deactivated,workbench,org.eclipse.ui.workbench,3.6.2.M20110210-1200,"",1369754788953
activated,workbench,org.eclipse.ui.workbench,3.6.2.M20110210-1200,"",1369754794625
executed,command,org.eclipse.ui,3.6.2.M20110203-1100,"org.eclipse.ui.edit.paste",1369754803500
deactivated,workbench,org.eclipse.ui.workbench,3.6.2.M20110210-1200,"",1369754809843
activated,workbench,org.eclipse.ui.workbench,3.6.2.M20110210-1200,"",1369754812421
executed,command,org.eclipse.ui,3.6.2.M20110203-1100,"org.eclipse.ui.file.save",1369754816812
executed,command,org.eclipse.ui,3.6.2.M20110203-1100,"org.eclipse.ui.edit.paste",1369754822015
deactivated,workbench,org.eclipse.ui.workbench,3.6.2.M20110210-1200,"",1369754823187
activated,workbench,org.eclipse.ui.workbench,3.6.2.M20110210-1200,"",1369754825265
deactivated,workbench,org.eclipse.ui.workbench,3.6.2.M20110210-1200,"",1369754836031
activated,workbench,org.eclipse.ui.workbench,3.6.2.M20110210-1200,"",1369754838093
deactivated,workbench,org.eclipse.ui.workbench,3.6.2.M20110210-1200,"",1369754849578
activated,workbench,org.eclipse.ui.workbench,3.6.2.M20110210-1200,"",1369754864875
activated,editor,org.eclipse.jdt.ui,3.6.2.r362_v20110203,"org.eclipse.jdt.ui.CompilationUnitEditor",1369754866921
executed,command,org.eclipse.ui,3.6.2.M20110203-1100,"org.eclipse.ui.file.save",1369754915968
activated,view,org.eclipse.jdt.ui,3.6.2.r362_v20110203,"org.eclipse.jdt.ui.PackageExplorer",1369754927421
opened,editor,org.eclipse.jdt.ui,3.6.2.r362_v20110203,"org.eclipse.jdt.ui.CompilationUnitEditor",1369754927609
activated,editor,org.eclipse.jdt.ui,3.6.2.r362_v20110203,"org.eclipse.jdt.ui.CompilationUnitEditor",1369754927703
executed,command,org.eclipse.ui,3.6.2.M20110203-1100,"org.eclipse.ui.edit.copy",1369754930140
activated,editor,org.eclipse.jdt.ui,3.6.2.r362_v20110203,"org.eclipse.jdt.ui.CompilationUnitEditor",1369754931468
activated,editor,org.eclipse.jdt.ui,3.6.2.r362_v20110203,"org.eclipse.jdt.ui.CompilationUnitEditor",1369754933968
executed,command,org.eclipse.ui,3.6.2.M20110203-1100,"org.eclipse.ui.edit.paste",1369754938703
executed,command,org.eclipse.ui,3.6.2.M20110203-1100,"org.eclipse.ui.edit.copy",1369754954125
executed,command,org.eclipse.ui,3.6.2.M20110203-1100,"org.eclipse.ui.edit.paste",1369754955734
